_id,name.first,name.middle,name.last,name._id,phone,email,password,image.url,image.alt,image._id,address.state,address.country,address.city,address.street,address.houseNumber,address.zip,address._id,isAdmin,isBusiness,createdAt,__v
64709f71ff3f39a6616b1a38,regular,,user,64709f71ff3f39a6616b1a39,050-0000000,regular@gmail.com,$2a$10$4RErsSLQYzPvHcLbFBS6xeLB5d5Mlx0FsJ5bZiXeeaQTfkMeLWWbS,https://cdn.pixabay.com/photo/2016/04/01/10/11/avatar-1299805_960_720.png,business card image,64709f71ff3f39a6616b1a3a,not defined,israel,tel-aviv,magnive,5,0,64709f71ff3f39a6616b1a3b,false,false,2023-05-26T12:00:49.497Z,0
64709f71ff3f39a6616b1a3f,business,,user,64709f71ff3f39a6616b1a40,050-0000000,business@gmail.com,$2a$10$d5b6UuPSRPCI4GWvfYwaseg0.T1SWn7h8kdD8t.WPBROYP/Erdemm,https://cdn.pixabay.com/photo/2016/04/01/10/11/avatar-1299805_960_720.png,business card image,64709f71ff3f39a6616b1a41,not defined,israel,tel-aviv,magnive,5,0,64709f71ff3f39a6616b1a42,false,true,2023-05-26T12:00:49.508Z,0
649071af28250b2866ae6e8f,moshe,lucki,karaso,649071af28250b2866ae6e90,0525705286,moshekaraso@gmail.com,$2a$10$wfjYWbJMbEMZSAcJZM9g3O0hoXZywXEyA3Z9Zy8uv1MGlz/vZNvp.,https://cdn.pixabay.com/photo/2016/04/01/10/11/avatar-1299805_960_720.png,business card image,649071af28250b2866ae6e91,not defined,israel,hod hasharon,alevi'im,3,0,649071af28250b2866ae6e92,false,true,2023-06-19T15:18:07.803Z,0
64c01b811e07c84457bd1471,aki,,user,64c174739aed892d67583be0,050-0000000,admin@gmail.com,$2a$10$nc5tMxI5yO74uIuHlakIkuPNiaRZWqDE5gkOO0rvRKVJa4za3zJJq,https://cdn.pixabay.com/photo/2016/04/01/10/11/avatar-1299805_960_720.png,business card image,64c174739aed892d67583be1,not defined,israel,tel-aviv,magnive,5,0,64c174739aed892d67583be2,true,true,2023-05-26T12:00:49.497Z,0
64ca71cdb43f3155d7a946b8,cccc,cccc,cccc,64ca71cdb43f3155d7a946b9,09876543298,cccc@cccc.com,$2a$10$LXYIq1qNxpFd1EIu9YHWderY4QKXw.Pw/dAdUzsV4.gRsJ9MFp9Ky,https://cdn.pixabay.com/photo/2016/04/01/10/11/avatar-1299805_960_720.png,business card image,64ca71cdb43f3155d7a946ba,cccc,cccc,cccc,cccc,1,11,64ca71cdb43f3155d7a946bb,false,true,2023-08-02T15:10:05.791Z,0
64ca79f8a98344021d8a92e8,bbbb,bbbb,bbbb,64ca79f8a98344021d8a92e9,087654321,bbbb@bbbb.com,$2a$10$HA6pMjA1ZrktbdMe88uBQ.kBlVT55fmCSfaXzOS6dt1RCHUm5j1PG,https://cdn.pixabay.com/photo/2016/04/01/10/11/avatar-1299805_960_720.png,business card image,64ca79f8a98344021d8a92ea,bbbb,bbbb,bbbb,bbbb,3,33,64ca79f8a98344021d8a92eb,false,false,2023-08-02T15:44:56.912Z,0
64ca7f585799a8346f65b816,llll,llll,llll,64ca7f585799a8346f65b817,0987654321,llll@llll.com,$2a$10$Gq5difQ58jlwkmaPLDhs9.IygVPZxbUgj0oNEukrBtQWcTcOr5aSG,https://cdn.pixabay.com/photo/2016/04/01/10/11/avatar-1299805_960_720.png,business card image,64ca7f585799a8346f65b818,llll,llll,llll,llll,1,11,64ca7f585799a8346f65b819,false,true,2023-08-02T16:07:52.691Z,0
